CountryID,Attribute,Value
ABW,Food_Organic_Waste,0
ABW,Glass_Waste,0
ABW,Metalic_Waste,0
ABW,Other_Waste,0
ABW,Paper_CardBoard_Waste,0
ABW,Plastic_Waste,0
ABW,Rubber_Leather_Waste,0
ABW,Wood_percent,0
ABW,Garden_Green_Waste,0
AFG,Food_Organic_Waste,0
AFG,Glass_Waste,0
AFG,Metalic_Waste,0
AFG,Other_Waste,0
AFG,Paper_CardBoard_Waste,0
AFG,Plastic_Waste,0
AFG,Rubber_Leather_Waste,0
AFG,Wood_percent,0
AFG,Garden_Green_Waste,0
AGO,Food_Organic_Waste,51.8
AGO,Glass_Waste,6.7
AGO,Metalic_Waste,4.4
AGO,Other_Waste,11.5
AGO,Paper_CardBoard_Waste,11.9
AGO,Plastic_Waste,13.5
AGO,Rubber_Leather_Waste,0
AGO,Wood_percent,0
AGO,Garden_Green_Waste,0
ALB,Food_Organic_Waste,51.4
ALB,Glass_Waste,4.5
ALB,Metalic_Waste,4.8
ALB,Other_Waste,15.21
ALB,Paper_CardBoard_Waste,9.9
ALB,Plastic_Waste,9.6
ALB,Rubber_Leather_Waste,0
ALB,Wood_percent,4.6
ALB,Garden_Green_Waste,0
AND,Food_Organic_Waste,31.2
AND,Glass_Waste,8.2
AND,Metalic_Waste,2.6
AND,Other_Waste,11.6
AND,Paper_CardBoard_Waste,35.1
AND,Plastic_Waste,11.3
AND,Rubber_Leather_Waste,0
AND,Wood_percent,0
AND,Garden_Green_Waste,0
ARE,Food_Organic_Waste,39
ARE,Glass_Waste,4
ARE,Metalic_Waste,3
ARE,Other_Waste,10
ARE,Paper_CardBoard_Waste,25
ARE,Plastic_Waste,19
ARE,Rubber_Leather_Waste,0
ARE,Wood_percent,0
ARE,Garden_Green_Waste,0
ARG,Food_Organic_Waste,38.74
ARG,Glass_Waste,3.16
ARG,Metalic_Waste,1.84
ARG,Other_Waste,15.36
ARG,Paper_CardBoard_Waste,13.96
ARG,Plastic_Waste,14.61
ARG,Rubber_Leather_Waste,1.26
ARG,Wood_percent,1.09
ARG,Garden_Green_Waste,9.95
ARM,Food_Organic_Waste,57
ARM,Glass_Waste,3.2
ARM,Metalic_Waste,3.4
ARM,Other_Waste,17.4
ARM,Paper_CardBoard_Waste,6.7
ARM,Plastic_Waste,11.4
ARM,Rubber_Leather_Waste,0.3
ARM,Wood_percent,0.6
ARM,Garden_Green_Waste,0
ASM,Food_Organic_Waste,19.7
ASM,Glass_Waste,3.4
ASM,Metalic_Waste,7.9
ASM,Other_Waste,25.6
ASM,Paper_CardBoard_Waste,26.4
ASM,Plastic_Waste,12.8
ASM,Rubber_Leather_Waste,4.2
ASM,Wood_percent,0
ASM,Garden_Green_Waste,0
ATG,Food_Organic_Waste,46
ATG,Glass_Waste,7
ATG,Metalic_Waste,7
ATG,Other_Waste,12
ATG,Paper_CardBoard_Waste,15
ATG,Plastic_Waste,13
ATG,Rubber_Leather_Waste,0
ATG,Wood_percent,0
ATG,Garden_Green_Waste,0
AUS,Food_Organic_Waste,48.44
AUS,Glass_Waste,3.81
AUS,Metalic_Waste,19.38
AUS,Other_Waste,3.46
AUS,Paper_CardBoard_Waste,17.3
AUS,Plastic_Waste,7.61
AUS,Rubber_Leather_Waste,0
AUS,Wood_percent,0
AUS,Garden_Green_Waste,0
AUT,Food_Organic_Waste,31.4
AUT,Glass_Waste,7
AUT,Metalic_Waste,4.4
AUT,Other_Waste,18.5
AUT,Paper_CardBoard_Waste,19.7
AUT,Plastic_Waste,11.1
AUT,Rubber_Leather_Waste,0
AUT,Wood_percent,7.9
AUT,Garden_Green_Waste,0
AZE,Food_Organic_Waste,45.19
AZE,Glass_Waste,5.28
AZE,Metalic_Waste,3.49
AZE,Other_Waste,13.73
AZE,Paper_CardBoard_Waste,10.93
AZE,Plastic_Waste,7.87
AZE,Rubber_Leather_Waste,3.09
AZE,Wood_percent,0
AZE,Garden_Green_Waste,10.42
BDI,Food_Organic_Waste,81
BDI,Glass_Waste,2.9
BDI,Metalic_Waste,2.1
BDI,Other_Waste,3.2
BDI,Paper_CardBoard_Waste,7.3
BDI,Plastic_Waste,3.5
BDI,Rubber_Leather_Waste,0
BDI,Wood_percent,0
BDI,Garden_Green_Waste,0
BEL,Food_Organic_Waste,14.18
BEL,Glass_Waste,3.1
BEL,Metalic_Waste,1.91
BEL,Other_Waste,40.14
BEL,Paper_CardBoard_Waste,18.38
BEL,Plastic_Waste,13.94
BEL,Rubber_Leather_Waste,0
BEL,Wood_percent,2.37
BEL,Garden_Green_Waste,5.84
BEN,Food_Organic_Waste,52.1
BEN,Glass_Waste,1.6
BEN,Metalic_Waste,1.6
BEN,Other_Waste,34.3
BEN,Paper_CardBoard_Waste,3.1
BEN,Plastic_Waste,7.3
BEN,Rubber_Leather_Waste,0
BEN,Wood_percent,0
BEN,Garden_Green_Waste,0
BFA,Food_Organic_Waste,21
BFA,Glass_Waste,1
BFA,Metalic_Waste,1
BFA,Other_Waste,61
BFA,Paper_CardBoard_Waste,7
BFA,Plastic_Waste,9
BFA,Rubber_Leather_Waste,0
BFA,Wood_percent,0
BFA,Garden_Green_Waste,0
BGD,Food_Organic_Waste,80.58
BGD,Glass_Waste,0.44
BGD,Metalic_Waste,0.5
BGD,Other_Waste,8.59
BGD,Paper_CardBoard_Waste,3.04
BGD,Plastic_Waste,4.67
BGD,Rubber_Leather_Waste,1.08
BGD,Wood_percent,0
BGD,Garden_Green_Waste,1.1
BGR,Food_Organic_Waste,24.35
BGR,Glass_Waste,5.83
BGR,Metalic_Waste,1.98
BGR,Other_Waste,17.93
BGR,Paper_CardBoard_Waste,14.18
BGR,Plastic_Waste,12.15
BGR,Rubber_Leather_Waste,1.96
BGR,Wood_percent,2.48
BGR,Garden_Green_Waste,19.18
BHR,Food_Organic_Waste,59.1
BHR,Glass_Waste,3.4
BHR,Metalic_Waste,2.1
BHR,Other_Waste,15.2
BHR,Paper_CardBoard_Waste,12.8
BHR,Plastic_Waste,7.4
BHR,Rubber_Leather_Waste,0
BHR,Wood_percent,0
BHR,Garden_Green_Waste,0
BHS,Food_Organic_Waste,46
BHS,Glass_Waste,7
BHS,Metalic_Waste,7
BHS,Other_Waste,12
BHS,Paper_CardBoard_Waste,15
BHS,Plastic_Waste,13
BHS,Rubber_Leather_Waste,0
BHS,Wood_percent,0
BHS,Garden_Green_Waste,0
BIH,Food_Organic_Waste,0
BIH,Glass_Waste,0
BIH,Metalic_Waste,0
BIH,Other_Waste,92.7
BIH,Paper_CardBoard_Waste,4.9
BIH,Plastic_Waste,0
BIH,Rubber_Leather_Waste,0
BIH,Wood_percent,0
BIH,Garden_Green_Waste,2.4
BLR,Food_Organic_Waste,30
BLR,Glass_Waste,8
BLR,Metalic_Waste,2
BLR,Other_Waste,35
BLR,Paper_CardBoard_Waste,5
BLR,Plastic_Waste,12
BLR,Rubber_Leather_Waste,6
BLR,Wood_percent,2
BLR,Garden_Green_Waste,0
BLZ,Food_Organic_Waste,47
BLZ,Glass_Waste,8
BLZ,Metalic_Waste,5
BLZ,Other_Waste,5
BLZ,Paper_CardBoard_Waste,16
BLZ,Plastic_Waste,19
BLZ,Rubber_Leather_Waste,0
BLZ,Wood_percent,0
BLZ,Garden_Green_Waste,0
BMU,Food_Organic_Waste,17
BMU,Glass_Waste,9
BMU,Metalic_Waste,6
BMU,Other_Waste,26
BMU,Paper_CardBoard_Waste,29
BMU,Plastic_Waste,13
BMU,Rubber_Leather_Waste,0
BMU,Wood_percent,0
BMU,Garden_Green_Waste,0
BOL,Food_Organic_Waste,55.1969112
BOL,Glass_Waste,2.903474903
BOL,Metalic_Waste,2.501930502
BOL,Other_Waste,22.7027027
BOL,Paper_CardBoard_Waste,6.501930502
BOL,Plastic_Waste,10.19305019
BOL,Rubber_Leather_Waste,0
BOL,Wood_percent,0
BOL,Garden_Green_Waste,0
BRA,Food_Organic_Waste,51.4
BRA,Glass_Waste,2.4
BRA,Metalic_Waste,2.9
BRA,Other_Waste,16.7
BRA,Paper_CardBoard_Waste,13.1
BRA,Plastic_Waste,13.5
BRA,Rubber_Leather_Waste,0
BRA,Wood_percent,0
BRA,Garden_Green_Waste,0
BRB,Food_Organic_Waste,18.3
BRB,Glass_Waste,3.7
BRB,Metalic_Waste,4.9
BRB,Other_Waste,5.7
BRB,Paper_CardBoard_Waste,19.7
BRB,Plastic_Waste,17.1
BRB,Rubber_Leather_Waste,12.1
BRB,Wood_percent,0
BRB,Garden_Green_Waste,18.6
BRN,Food_Organic_Waste,36
BRN,Glass_Waste,3
BRN,Metalic_Waste,4
BRN,Other_Waste,15
BRN,Paper_CardBoard_Waste,18
BRN,Plastic_Waste,16
BRN,Rubber_Leather_Waste,1
BRN,Wood_percent,1
BRN,Garden_Green_Waste,6
BTN,Food_Organic_Waste,58
BTN,Glass_Waste,4
BTN,Metalic_Waste,1
BTN,Other_Waste,7
BTN,Paper_CardBoard_Waste,17
BTN,Plastic_Waste,13
BTN,Rubber_Leather_Waste,0
BTN,Wood_percent,0
BTN,Garden_Green_Waste,0
BWA,Food_Organic_Waste,8.1
BWA,Glass_Waste,0
BWA,Metalic_Waste,0.1
BWA,Other_Waste,91.9
BWA,Paper_CardBoard_Waste,0
BWA,Plastic_Waste,0
BWA,Rubber_Leather_Waste,0
BWA,Wood_percent,0
BWA,Garden_Green_Waste,0
CAF,Food_Organic_Waste,0
CAF,Glass_Waste,0
CAF,Metalic_Waste,0
CAF,Other_Waste,0
CAF,Paper_CardBoard_Waste,0
CAF,Plastic_Waste,0
CAF,Rubber_Leather_Waste,0
CAF,Wood_percent,0
CAF,Garden_Green_Waste,0
CAN,Food_Organic_Waste,24
CAN,Glass_Waste,6
CAN,Metalic_Waste,13
CAN,Other_Waste,8
CAN,Paper_CardBoard_Waste,47
CAN,Plastic_Waste,3
CAN,Rubber_Leather_Waste,0
CAN,Wood_percent,0
CAN,Garden_Green_Waste,0
CHE,Food_Organic_Waste,29
CHE,Glass_Waste,4
CHE,Metalic_Waste,3
CHE,Other_Waste,29
CHE,Paper_CardBoard_Waste,20
CHE,Plastic_Waste,15
CHE,Rubber_Leather_Waste,0
CHE,Wood_percent,0
CHE,Garden_Green_Waste,0
CHI,Food_Organic_Waste,0
CHI,Glass_Waste,0
CHI,Metalic_Waste,0
CHI,Other_Waste,0
CHI,Paper_CardBoard_Waste,0
CHI,Plastic_Waste,0
CHI,Rubber_Leather_Waste,0
CHI,Wood_percent,0
CHI,Garden_Green_Waste,0
CHL,Food_Organic_Waste,53.3
CHL,Glass_Waste,6.6
CHL,Metalic_Waste,2.3
CHL,Other_Waste,16
CHL,Paper_CardBoard_Waste,12.4
CHL,Plastic_Waste,9.4
CHL,Rubber_Leather_Waste,0
CHL,Wood_percent,0
CHL,Garden_Green_Waste,0
CHN,Food_Organic_Waste,61.2
CHN,Glass_Waste,2.1
CHN,Metalic_Waste,1.1
CHN,Other_Waste,13.1
CHN,Paper_CardBoard_Waste,9.6
CHN,Plastic_Waste,9.8
CHN,Rubber_Leather_Waste,1.3
CHN,Wood_percent,1.8
CHN,Garden_Green_Waste,0
CIV,Food_Organic_Waste,0
CIV,Glass_Waste,0
CIV,Metalic_Waste,0
CIV,Other_Waste,0
CIV,Paper_CardBoard_Waste,0
CIV,Plastic_Waste,0
CIV,Rubber_Leather_Waste,0
CIV,Wood_percent,0
CIV,Garden_Green_Waste,0
CMR,Food_Organic_Waste,83.4
CMR,Glass_Waste,0.1
CMR,Metalic_Waste,0.7
CMR,Other_Waste,10.4
CMR,Paper_CardBoard_Waste,2.1
CMR,Plastic_Waste,3.3
CMR,Rubber_Leather_Waste,0
CMR,Wood_percent,0
CMR,Garden_Green_Waste,0
COD,Food_Organic_Waste,0
COD,Glass_Waste,0
COD,Metalic_Waste,0
COD,Other_Waste,0
COD,Paper_CardBoard_Waste,0
COD,Plastic_Waste,0
COD,Rubber_Leather_Waste,0
COD,Wood_percent,0
COD,Garden_Green_Waste,0
COG,Food_Organic_Waste,0
COG,Glass_Waste,0
COG,Metalic_Waste,0
COG,Other_Waste,0
COG,Paper_CardBoard_Waste,0
COG,Plastic_Waste,0
COG,Rubber_Leather_Waste,0
COG,Wood_percent,0
COG,Garden_Green_Waste,0
COL,Food_Organic_Waste,59.58
COL,Glass_Waste,2.35
COL,Metalic_Waste,1.1
COL,Other_Waste,15.74
COL,Paper_CardBoard_Waste,8.4
COL,Plastic_Waste,12.83
COL,Rubber_Leather_Waste,0
COL,Wood_percent,0
COL,Garden_Green_Waste,0
COM,Food_Organic_Waste,50
COM,Glass_Waste,2
COM,Metalic_Waste,4
COM,Other_Waste,22
COM,Paper_CardBoard_Waste,7
COM,Plastic_Waste,5
COM,Rubber_Leather_Waste,0
COM,Wood_percent,0
COM,Garden_Green_Waste,10
CPV,Food_Organic_Waste,0
CPV,Glass_Waste,0
CPV,Metalic_Waste,0
CPV,Other_Waste,0
CPV,Paper_CardBoard_Waste,0
CPV,Plastic_Waste,0
CPV,Rubber_Leather_Waste,0
CPV,Wood_percent,0
CPV,Garden_Green_Waste,0
CRI,Food_Organic_Waste,58
CRI,Glass_Waste,1
CRI,Metalic_Waste,2
CRI,Other_Waste,7
CRI,Paper_CardBoard_Waste,21
CRI,Plastic_Waste,11
CRI,Rubber_Leather_Waste,0
CRI,Wood_percent,0
CRI,Garden_Green_Waste,0
CUB,Food_Organic_Waste,68.9
CUB,Glass_Waste,4.6
CUB,Metalic_Waste,1.6
CUB,Other_Waste,3
CUB,Paper_CardBoard_Waste,12.3
CUB,Plastic_Waste,9.6
CUB,Rubber_Leather_Waste,0
CUB,Wood_percent,0
CUB,Garden_Green_Waste,0
CUW,Food_Organic_Waste,0
CUW,Glass_Waste,0
CUW,Metalic_Waste,0
CUW,Other_Waste,0
CUW,Paper_CardBoard_Waste,0
CUW,Plastic_Waste,0
CUW,Rubber_Leather_Waste,0
CUW,Wood_percent,0
CUW,Garden_Green_Waste,0
CYM,Food_Organic_Waste,10.9
CYM,Glass_Waste,3.5
CYM,Metalic_Waste,6.2
CYM,Other_Waste,11.4
CYM,Paper_CardBoard_Waste,31.1
CYM,Plastic_Waste,11
CYM,Rubber_Leather_Waste,0
CYM,Wood_percent,7.3
CYM,Garden_Green_Waste,18.6
CYP,Food_Organic_Waste,41.47
CYP,Glass_Waste,2.66
CYP,Metalic_Waste,3.25
CYP,Other_Waste,10.07
CYP,Paper_CardBoard_Waste,25.7
CYP,Plastic_Waste,14.77
CYP,Rubber_Leather_Waste,0
CYP,Wood_percent,2.08
CYP,Garden_Green_Waste,0
CZE,Food_Organic_Waste,62.3
CZE,Glass_Waste,2.4
CZE,Metalic_Waste,8.4
CZE,Other_Waste,14.9
CZE,Paper_CardBoard_Waste,9.1
CZE,Plastic_Waste,2.2
CZE,Rubber_Leather_Waste,0
CZE,Wood_percent,0.7
CZE,Garden_Green_Waste,0
DEU,Food_Organic_Waste,30
DEU,Glass_Waste,10
DEU,Metalic_Waste,1.4
DEU,Other_Waste,17.7
DEU,Paper_CardBoard_Waste,24
DEU,Plastic_Waste,13
DEU,Rubber_Leather_Waste,4
DEU,Wood_percent,0
DEU,Garden_Green_Waste,0
DJI,Food_Organic_Waste,0
DJI,Glass_Waste,0
DJI,Metalic_Waste,0
DJI,Other_Waste,0
DJI,Paper_CardBoard_Waste,0
DJI,Plastic_Waste,0
DJI,Rubber_Leather_Waste,0
DJI,Wood_percent,0
DJI,Garden_Green_Waste,0
DMA,Food_Organic_Waste,45
DMA,Glass_Waste,8
DMA,Metalic_Waste,5
DMA,Other_Waste,14
DMA,Paper_CardBoard_Waste,12
DMA,Plastic_Waste,16
DMA,Rubber_Leather_Waste,0
DMA,Wood_percent,0
DMA,Garden_Green_Waste,0
DNK,Food_Organic_Waste,12.78
DNK,Glass_Waste,5.78
DNK,Metalic_Waste,6.29
DNK,Other_Waste,23.86
DNK,Paper_CardBoard_Waste,11.57
DNK,Plastic_Waste,1.61
DNK,Rubber_Leather_Waste,0
DNK,Wood_percent,7.65
DNK,Garden_Green_Waste,30.46
DOM,Food_Organic_Waste,51
DOM,Glass_Waste,6
DOM,Metalic_Waste,3
DOM,Other_Waste,10
DOM,Paper_CardBoard_Waste,16
DOM,Plastic_Waste,10
DOM,Rubber_Leather_Waste,0
DOM,Wood_percent,4
DOM,Garden_Green_Waste,0
DZA,Food_Organic_Waste,54.4
DZA,Glass_Waste,1.2
DZA,Metalic_Waste,2.8
DZA,Other_Waste,0.8
DZA,Paper_CardBoard_Waste,9.8
DZA,Plastic_Waste,16.9
DZA,Rubber_Leather_Waste,12.6
DZA,Wood_percent,1.5
DZA,Garden_Green_Waste,0
ECU,Food_Organic_Waste,58.67
ECU,Glass_Waste,3.01
ECU,Metalic_Waste,1.53
ECU,Other_Waste,13.78
ECU,Paper_CardBoard_Waste,10.25
ECU,Plastic_Waste,11.44
ECU,Rubber_Leather_Waste,0.45
ECU,Wood_percent,0.86
ECU,Garden_Green_Waste,0
EGY,Food_Organic_Waste,56
EGY,Glass_Waste,4
EGY,Metalic_Waste,2
EGY,Other_Waste,15
EGY,Paper_CardBoard_Waste,10
EGY,Plastic_Waste,13
EGY,Rubber_Leather_Waste,0
EGY,Wood_percent,0
EGY,Garden_Green_Waste,0
ERI,Food_Organic_Waste,0
ERI,Glass_Waste,0
ERI,Metalic_Waste,0
ERI,Other_Waste,0
ERI,Paper_CardBoard_Waste,0
ERI,Plastic_Waste,0
ERI,Rubber_Leather_Waste,0
ERI,Wood_percent,0
ERI,Garden_Green_Waste,0
ESP,Food_Organic_Waste,49
ESP,Glass_Waste,8
ESP,Metalic_Waste,3
ESP,Other_Waste,14
ESP,Paper_CardBoard_Waste,15
ESP,Plastic_Waste,9
ESP,Rubber_Leather_Waste,0
ESP,Wood_percent,2
ESP,Garden_Green_Waste,0
EST,Food_Organic_Waste,36.7
EST,Glass_Waste,8.3
EST,Metalic_Waste,2.6
EST,Other_Waste,15.9
EST,Paper_CardBoard_Waste,17.5
EST,Plastic_Waste,18.6
EST,Rubber_Leather_Waste,0
EST,Wood_percent,0.4
EST,Garden_Green_Waste,0
ETH,Food_Organic_Waste,87.6
ETH,Glass_Waste,0.8
ETH,Metalic_Waste,1.2
ETH,Other_Waste,4.4
ETH,Paper_CardBoard_Waste,3.8
ETH,Plastic_Waste,2.3
ETH,Rubber_Leather_Waste,0
ETH,Wood_percent,0
ETH,Garden_Green_Waste,0
FIN,Food_Organic_Waste,35.88
FIN,Glass_Waste,9.24
FIN,Metalic_Waste,1.7
FIN,Other_Waste,13.13
FIN,Paper_CardBoard_Waste,37.83
FIN,Plastic_Waste,1.45
FIN,Rubber_Leather_Waste,0
FIN,Wood_percent,0.73
FIN,Garden_Green_Waste,0
FJI,Food_Organic_Waste,33.2
FJI,Glass_Waste,4.1
FJI,Metalic_Waste,1.9
FJI,Other_Waste,3.5
FJI,Paper_CardBoard_Waste,12.5
FJI,Plastic_Waste,7.5
FJI,Rubber_Leather_Waste,0.1
FJI,Wood_percent,0
FJI,Garden_Green_Waste,37.2
FRA,Food_Organic_Waste,32
FRA,Glass_Waste,10
FRA,Metalic_Waste,3
FRA,Other_Waste,26
FRA,Paper_CardBoard_Waste,20
FRA,Plastic_Waste,9
FRA,Rubber_Leather_Waste,0
FRA,Wood_percent,0
FRA,Garden_Green_Waste,0
FRO,Food_Organic_Waste,0
FRO,Glass_Waste,0
FRO,Metalic_Waste,0
FRO,Other_Waste,0
FRO,Paper_CardBoard_Waste,0
FRO,Plastic_Waste,0
FRO,Rubber_Leather_Waste,0
FRO,Wood_percent,0
FRO,Garden_Green_Waste,0
FSM,Food_Organic_Waste,23.83
FSM,Glass_Waste,7.07
FSM,Metalic_Waste,16.73
FSM,Other_Waste,9.32
FSM,Paper_CardBoard_Waste,13.3
FSM,Plastic_Waste,26.17
FSM,Rubber_Leather_Waste,3.58
FSM,Wood_percent,0
FSM,Garden_Green_Waste,0
GAB,Food_Organic_Waste,0
GAB,Glass_Waste,0
GAB,Metalic_Waste,0
GAB,Other_Waste,0
GAB,Paper_CardBoard_Waste,0
GAB,Plastic_Waste,0
GAB,Rubber_Leather_Waste,0
GAB,Wood_percent,0
GAB,Garden_Green_Waste,0
GBR,Food_Organic_Waste,16.7
GBR,Glass_Waste,2.2
GBR,Metalic_Waste,3.5
GBR,Other_Waste,28.2
GBR,Paper_CardBoard_Waste,18.9
GBR,Plastic_Waste,20.2
GBR,Rubber_Leather_Waste,0
GBR,Wood_percent,7.6
GBR,Garden_Green_Waste,2.7
GEO,Food_Organic_Waste,39
GEO,Glass_Waste,3
GEO,Metalic_Waste,5
GEO,Other_Waste,16
GEO,Paper_CardBoard_Waste,34
GEO,Plastic_Waste,3
GEO,Rubber_Leather_Waste,0
GEO,Wood_percent,0
GEO,Garden_Green_Waste,0
GHA,Food_Organic_Waste,67
GHA,Glass_Waste,0
GHA,Metalic_Waste,1
GHA,Other_Waste,25
GHA,Paper_CardBoard_Waste,3
GHA,Plastic_Waste,4
GHA,Rubber_Leather_Waste,0
GHA,Wood_percent,0
GHA,Garden_Green_Waste,0
GIB,Food_Organic_Waste,24.57
GIB,Glass_Waste,4.42
GIB,Metalic_Waste,4.37
GIB,Other_Waste,14.38
GIB,Paper_CardBoard_Waste,33.65
GIB,Plastic_Waste,15.86
GIB,Rubber_Leather_Waste,0
GIB,Wood_percent,0
GIB,Garden_Green_Waste,0
GIN,Food_Organic_Waste,58
GIN,Glass_Waste,1
GIN,Metalic_Waste,1
GIN,Other_Waste,27
GIN,Paper_CardBoard_Waste,9
GIN,Plastic_Waste,4
GIN,Rubber_Leather_Waste,0
GIN,Wood_percent,0
GIN,Garden_Green_Waste,0
GMB,Food_Organic_Waste,35
GMB,Glass_Waste,1.9
GMB,Metalic_Waste,2.1
GMB,Other_Waste,51.4
GMB,Paper_CardBoard_Waste,9.7
GMB,Plastic_Waste,0
GMB,Rubber_Leather_Waste,0
GMB,Wood_percent,0
GMB,Garden_Green_Waste,0
GNB,Food_Organic_Waste,0
GNB,Glass_Waste,0
GNB,Metalic_Waste,0
GNB,Other_Waste,0
GNB,Paper_CardBoard_Waste,0
GNB,Plastic_Waste,0
GNB,Rubber_Leather_Waste,0
GNB,Wood_percent,0
GNB,Garden_Green_Waste,0
GNQ,Food_Organic_Waste,0
GNQ,Glass_Waste,0
GNQ,Metalic_Waste,0
GNQ,Other_Waste,0
GNQ,Paper_CardBoard_Waste,0
GNQ,Plastic_Waste,0
GNQ,Rubber_Leather_Waste,0
GNQ,Wood_percent,0
GNQ,Garden_Green_Waste,0
GRC,Food_Organic_Waste,40
GRC,Glass_Waste,3
GRC,Metalic_Waste,3
GRC,Other_Waste,9
GRC,Paper_CardBoard_Waste,29
GRC,Plastic_Waste,14
GRC,Rubber_Leather_Waste,2
GRC,Wood_percent,0
GRC,Garden_Green_Waste,0
GRD,Food_Organic_Waste,27.1
GRD,Glass_Waste,3.1
GRD,Metalic_Waste,2.4
GRD,Other_Waste,36.5
GRD,Paper_CardBoard_Waste,13.6
GRD,Plastic_Waste,16.4
GRD,Rubber_Leather_Waste,0.9
GRD,Wood_percent,0
GRD,Garden_Green_Waste,0
GRL,Food_Organic_Waste,42.8
GRL,Glass_Waste,7.1
GRL,Metalic_Waste,2
GRL,Other_Waste,33.4
GRL,Paper_CardBoard_Waste,11.4
GRL,Plastic_Waste,2.4
GRL,Rubber_Leather_Waste,0
GRL,Wood_percent,1
GRL,Garden_Green_Waste,0
GTM,Food_Organic_Waste,37.71449118
GTM,Glass_Waste,4.39183558
GTM,Metalic_Waste,0
GTM,Other_Waste,18.01847364
GTM,Paper_CardBoard_Waste,16.04670215
GTM,Plastic_Waste,17.29080875
GTM,Rubber_Leather_Waste,0
GTM,Wood_percent,0
GTM,Garden_Green_Waste,6.537688691
GUM,Food_Organic_Waste,27.3
GUM,Glass_Waste,4.6
GUM,Metalic_Waste,9
GUM,Other_Waste,8.7
GUM,Paper_CardBoard_Waste,28.5
GUM,Plastic_Waste,12.4
GUM,Rubber_Leather_Waste,3.1
GUM,Wood_percent,6.4
GUM,Garden_Green_Waste,0
GUY,Food_Organic_Waste,50.1
GUY,Glass_Waste,4.7
GUY,Metalic_Waste,4.2
GUY,Other_Waste,12.1
GUY,Paper_CardBoard_Waste,10.7
GUY,Plastic_Waste,14.2
GUY,Rubber_Leather_Waste,1.5
GUY,Wood_percent,2.5
GUY,Garden_Green_Waste,0
HKG,Food_Organic_Waste,35
HKG,Glass_Waste,3
HKG,Metalic_Waste,2
HKG,Other_Waste,14
HKG,Paper_CardBoard_Waste,22
HKG,Plastic_Waste,21
HKG,Rubber_Leather_Waste,0
HKG,Wood_percent,3
HKG,Garden_Green_Waste,0
HND,Food_Organic_Waste,57.9
HND,Glass_Waste,1.27
HND,Metalic_Waste,2.11
HND,Other_Waste,6.62
HND,Paper_CardBoard_Waste,17.36
HND,Plastic_Waste,14.41
HND,Rubber_Leather_Waste,0.33
HND,Wood_percent,0
HND,Garden_Green_Waste,0
HRV,Food_Organic_Waste,30.9
HRV,Glass_Waste,3.7
HRV,Metalic_Waste,2.1
HRV,Other_Waste,11.5
HRV,Paper_CardBoard_Waste,23.2
HRV,Plastic_Waste,22.9
HRV,Rubber_Leather_Waste,0
HRV,Wood_percent,0
HRV,Garden_Green_Waste,5.7
HTI,Food_Organic_Waste,61.3
HTI,Glass_Waste,1.6
HTI,Metalic_Waste,2.5
HTI,Other_Waste,16.8
HTI,Paper_CardBoard_Waste,4.1
HTI,Plastic_Waste,12.7
HTI,Rubber_Leather_Waste,0
HTI,Wood_percent,1
HTI,Garden_Green_Waste,0
HUN,Food_Organic_Waste,22.5
HUN,Glass_Waste,3.5
HUN,Metalic_Waste,1.8
HUN,Other_Waste,45.9
HUN,Paper_CardBoard_Waste,13.4
HUN,Plastic_Waste,13
HUN,Rubber_Leather_Waste,0
HUN,Wood_percent,0
HUN,Garden_Green_Waste,0
IDN,Food_Organic_Waste,53.8
IDN,Glass_Waste,2.5
IDN,Metalic_Waste,1.8
IDN,Other_Waste,12.9
IDN,Paper_CardBoard_Waste,14.9
IDN,Plastic_Waste,14
IDN,Rubber_Leather_Waste,0
IDN,Wood_percent,0
IDN,Garden_Green_Waste,0
IMN,Food_Organic_Waste,0
IMN,Glass_Waste,0
IMN,Metalic_Waste,0
IMN,Other_Waste,0
IMN,Paper_CardBoard_Waste,0
IMN,Plastic_Waste,0
IMN,Rubber_Leather_Waste,0
IMN,Wood_percent,0
IMN,Garden_Green_Waste,0
IND,Food_Organic_Waste,0
IND,Glass_Waste,0
IND,Metalic_Waste,0
IND,Other_Waste,0
IND,Paper_CardBoard_Waste,0
IND,Plastic_Waste,0
IND,Rubber_Leather_Waste,0
IND,Wood_percent,0
IND,Garden_Green_Waste,0
IRL,Food_Organic_Waste,16.6
IRL,Glass_Waste,8.5
IRL,Metalic_Waste,3.7
IRL,Other_Waste,25.8
IRL,Paper_CardBoard_Waste,25
IRL,Plastic_Waste,12.4
IRL,Rubber_Leather_Waste,0
IRL,Wood_percent,1.9
IRL,Garden_Green_Waste,6.1
IRN,Food_Organic_Waste,72.9
IRN,Glass_Waste,1.9
IRN,Metalic_Waste,2.3
IRN,Other_Waste,5
IRN,Paper_CardBoard_Waste,7.3
IRN,Plastic_Waste,8.5
IRN,Rubber_Leather_Waste,1.1
IRN,Wood_percent,1.3
IRN,Garden_Green_Waste,0
IRQ,Food_Organic_Waste,68.7
IRQ,Glass_Waste,2.3
IRQ,Metalic_Waste,0.98
IRQ,Other_Waste,6
IRQ,Paper_CardBoard_Waste,9.6
IRQ,Plastic_Waste,5.29
IRQ,Rubber_Leather_Waste,5.09
IRQ,Wood_percent,0.85
IRQ,Garden_Green_Waste,0.93
ISL,Food_Organic_Waste,10
ISL,Glass_Waste,0
ISL,Metalic_Waste,0
ISL,Other_Waste,0
ISL,Paper_CardBoard_Waste,38
ISL,Plastic_Waste,9
ISL,Rubber_Leather_Waste,0
ISL,Wood_percent,29
ISL,Garden_Green_Waste,14
ISR,Food_Organic_Waste,34
ISR,Glass_Waste,3
ISR,Metalic_Waste,3
ISR,Other_Waste,16
ISR,Paper_CardBoard_Waste,24
ISR,Plastic_Waste,18
ISR,Rubber_Leather_Waste,0
ISR,Wood_percent,0
ISR,Garden_Green_Waste,2
ITA,Food_Organic_Waste,34.4
ITA,Glass_Waste,7.6
ITA,Metalic_Waste,4.3
ITA,Other_Waste,15.4
ITA,Paper_CardBoard_Waste,22.8
ITA,Plastic_Waste,11.6
ITA,Rubber_Leather_Waste,0
ITA,Wood_percent,3.8
ITA,Garden_Green_Waste,0
JAM,Food_Organic_Waste,62.22
JAM,Glass_Waste,2.81
JAM,Metalic_Waste,2.38
JAM,Other_Waste,5.13
JAM,Paper_CardBoard_Waste,14.73
JAM,Plastic_Waste,12.2
JAM,Rubber_Leather_Waste,0
JAM,Wood_percent,0.53
JAM,Garden_Green_Waste,0
JOR,Food_Organic_Waste,50
JOR,Glass_Waste,2
JOR,Metalic_Waste,1.5
JOR,Other_Waste,15.5
JOR,Paper_CardBoard_Waste,15
JOR,Plastic_Waste,16
JOR,Rubber_Leather_Waste,0
JOR,Wood_percent,0
JOR,Garden_Green_Waste,0
JPN,Food_Organic_Waste,36
JPN,Glass_Waste,5
JPN,Metalic_Waste,4
JPN,Other_Waste,6
JPN,Paper_CardBoard_Waste,33
JPN,Plastic_Waste,11
JPN,Rubber_Leather_Waste,1
JPN,Wood_percent,4
JPN,Garden_Green_Waste,0
KAZ,Food_Organic_Waste,30
KAZ,Glass_Waste,5
KAZ,Metalic_Waste,3
KAZ,Other_Waste,7
KAZ,Paper_CardBoard_Waste,25
KAZ,Plastic_Waste,25
KAZ,Rubber_Leather_Waste,0
KAZ,Wood_percent,2.5
KAZ,Garden_Green_Waste,0
KEN,Food_Organic_Waste,57
KEN,Glass_Waste,3
KEN,Metalic_Waste,1
KEN,Other_Waste,9
KEN,Paper_CardBoard_Waste,11.3
KEN,Plastic_Waste,18.7
KEN,Rubber_Leather_Waste,0
KEN,Wood_percent,0
KEN,Garden_Green_Waste,0
KGZ,Food_Organic_Waste,0
KGZ,Glass_Waste,0
KGZ,Metalic_Waste,0
KGZ,Other_Waste,0
KGZ,Paper_CardBoard_Waste,0
KGZ,Plastic_Waste,0
KGZ,Rubber_Leather_Waste,0
KGZ,Wood_percent,0
KGZ,Garden_Green_Waste,0
KHM,Food_Organic_Waste,66.6
KHM,Glass_Waste,2.6
KHM,Metalic_Waste,2
KHM,Other_Waste,10.4
KHM,Paper_CardBoard_Waste,4
KHM,Plastic_Waste,8.6
KHM,Rubber_Leather_Waste,0
KHM,Wood_percent,5.8
KHM,Garden_Green_Waste,0
KIR,Food_Organic_Waste,43.6
KIR,Glass_Waste,5.5
KIR,Metalic_Waste,10
KIR,Other_Waste,9.3
KIR,Paper_CardBoard_Waste,10.9
KIR,Plastic_Waste,16.5
KIR,Rubber_Leather_Waste,4.2
KIR,Wood_percent,0
KIR,Garden_Green_Waste,0
K0,Food_Organic_Waste,27.2
K0,Glass_Waste,8.1
K0,Metalic_Waste,8.8
K0,Other_Waste,12.2
K0,Paper_CardBoard_Waste,20.5
K0,Plastic_Waste,23.2
K0,Rubber_Leather_Waste,0
K0,Wood_percent,0
K0,Garden_Green_Waste,0
KOR,Food_Organic_Waste,30
KOR,Glass_Waste,2.5
KOR,Metalic_Waste,2.6
KOR,Other_Waste,0
KOR,Paper_CardBoard_Waste,41
KOR,Plastic_Waste,24.3
KOR,Rubber_Leather_Waste,0
KOR,Wood_percent,0
KOR,Garden_Green_Waste,0
KWT,Food_Organic_Waste,45
KWT,Glass_Waste,4
KWT,Metalic_Waste,2
KWT,Other_Waste,8
KWT,Paper_CardBoard_Waste,20
KWT,Plastic_Waste,20
KWT,Rubber_Leather_Waste,0
KWT,Wood_percent,1
KWT,Garden_Green_Waste,1
LAO,Food_Organic_Waste,16.9
LAO,Glass_Waste,9.3
LAO,Metalic_Waste,3.7
LAO,Other_Waste,20.3
LAO,Paper_CardBoard_Waste,2.8
LAO,Plastic_Waste,6.1
LAO,Rubber_Leather_Waste,1.1
LAO,Wood_percent,38.2
LAO,Garden_Green_Waste,1.2
LBN,Food_Organic_Waste,52.5
LBN,Glass_Waste,3.5
LBN,Metalic_Waste,5.5
LBN,Other_Waste,11
LBN,Paper_CardBoard_Waste,16
LBN,Plastic_Waste,11.5
LBN,Rubber_Leather_Waste,0
LBN,Wood_percent,0
LBN,Garden_Green_Waste,0
LBR,Food_Organic_Waste,0
LBR,Glass_Waste,0
LBR,Metalic_Waste,0
LBR,Other_Waste,0
LBR,Paper_CardBoard_Waste,0
LBR,Plastic_Waste,0
LBR,Rubber_Leather_Waste,0
LBR,Wood_percent,0
LBR,Garden_Green_Waste,0
LBY,Food_Organic_Waste,70.1
LBY,Glass_Waste,3.1
LBY,Metalic_Waste,4.3
LBY,Other_Waste,3.8
LBY,Paper_CardBoard_Waste,5.5
LBY,Plastic_Waste,7.5
LBY,Rubber_Leather_Waste,0
LBY,Wood_percent,2.5
LBY,Garden_Green_Waste,0
LCA,Food_Organic_Waste,45
LCA,Glass_Waste,7
LCA,Metalic_Waste,5
LCA,Other_Waste,11
LCA,Paper_CardBoard_Waste,10
LCA,Plastic_Waste,22
LCA,Rubber_Leather_Waste,0
LCA,Wood_percent,0
LCA,Garden_Green_Waste,0
LIE,Food_Organic_Waste,37.6
LIE,Glass_Waste,5
LIE,Metalic_Waste,12.5
LIE,Other_Waste,9.1
LIE,Paper_CardBoard_Waste,30.3
LIE,Plastic_Waste,5.4
LIE,Rubber_Leather_Waste,0
LIE,Wood_percent,0
LIE,Garden_Green_Waste,0
LKA,Food_Organic_Waste,62
LKA,Glass_Waste,2
LKA,Metalic_Waste,3
LKA,Other_Waste,13
LKA,Paper_CardBoard_Waste,7
LKA,Plastic_Waste,7
LKA,Rubber_Leather_Waste,0
LKA,Wood_percent,6
LKA,Garden_Green_Waste,0
LSO,Food_Organic_Waste,0
LSO,Glass_Waste,0
LSO,Metalic_Waste,0
LSO,Other_Waste,0
LSO,Paper_CardBoard_Waste,0
LSO,Plastic_Waste,0
LSO,Rubber_Leather_Waste,0
LSO,Wood_percent,0
LSO,Garden_Green_Waste,0
LTU,Food_Organic_Waste,40.4
LTU,Glass_Waste,8.65
LTU,Metalic_Waste,2.75
LTU,Other_Waste,44.05
LTU,Paper_CardBoard_Waste,10.05
LTU,Plastic_Waste,10.15
LTU,Rubber_Leather_Waste,0
LTU,Wood_percent,0.6
LTU,Garden_Green_Waste,0
LUX,Food_Organic_Waste,30
LUX,Glass_Waste,4
LUX,Metalic_Waste,2
LUX,Other_Waste,27
LUX,Paper_CardBoard_Waste,19
LUX,Plastic_Waste,18
LUX,Rubber_Leather_Waste,0
LUX,Wood_percent,0
LUX,Garden_Green_Waste,0
LVA,Food_Organic_Waste,46.7
LVA,Glass_Waste,21.4
LVA,Metalic_Waste,2.6
LVA,Other_Waste,9.7
LVA,Paper_CardBoard_Waste,6.1
LVA,Plastic_Waste,7.7
LVA,Rubber_Leather_Waste,3.6
LVA,Wood_percent,2.4
LVA,Garden_Green_Waste,0
MAC,Food_Organic_Waste,3.1
MAC,Glass_Waste,3.3
MAC,Metalic_Waste,1.7
MAC,Other_Waste,3.1
MAC,Paper_CardBoard_Waste,58.7
MAC,Plastic_Waste,7.9
MAC,Rubber_Leather_Waste,0
MAC,Wood_percent,22.3
MAC,Garden_Green_Waste,0
MAF,Food_Organic_Waste,0
MAF,Glass_Waste,0
MAF,Metalic_Waste,0
MAF,Other_Waste,0
MAF,Paper_CardBoard_Waste,0
MAF,Plastic_Waste,0
MAF,Rubber_Leather_Waste,0
MAF,Wood_percent,0
MAF,Garden_Green_Waste,0
MAR,Food_Organic_Waste,60
MAR,Glass_Waste,2
MAR,Metalic_Waste,2.5
MAR,Other_Waste,6
MAR,Paper_CardBoard_Waste,9
MAR,Plastic_Waste,8
MAR,Rubber_Leather_Waste,0
MAR,Wood_percent,0
MAR,Garden_Green_Waste,0
MCO,Food_Organic_Waste,0
MCO,Glass_Waste,3
MCO,Metalic_Waste,2.2
MCO,Other_Waste,0
MCO,Paper_CardBoard_Waste,2.2
MCO,Plastic_Waste,1
MCO,Rubber_Leather_Waste,0
MCO,Wood_percent,0
MCO,Garden_Green_Waste,0
MDA,Food_Organic_Waste,55
MDA,Glass_Waste,4
MDA,Metalic_Waste,3
MDA,Other_Waste,23
MDA,Paper_CardBoard_Waste,5
MDA,Plastic_Waste,10
MDA,Rubber_Leather_Waste,0
MDA,Wood_percent,0
MDA,Garden_Green_Waste,0
MDG,Food_Organic_Waste,0
MDG,Glass_Waste,0
MDG,Metalic_Waste,0
MDG,Other_Waste,0
MDG,Paper_CardBoard_Waste,0
MDG,Plastic_Waste,0
MDG,Rubber_Leather_Waste,0
MDG,Wood_percent,0
MDG,Garden_Green_Waste,0
MDV,Food_Organic_Waste,24
MDV,Glass_Waste,0
MDV,Metalic_Waste,1
MDV,Other_Waste,1
MDV,Paper_CardBoard_Waste,6
MDV,Plastic_Waste,3
MDV,Rubber_Leather_Waste,0
MDV,Wood_percent,0
MDV,Garden_Green_Waste,65
MEX,Food_Organic_Waste,52.4
MEX,Glass_Waste,5.9
MEX,Metalic_Waste,3.4
MEX,Other_Waste,12.1
MEX,Paper_CardBoard_Waste,13.8
MEX,Plastic_Waste,10.9
MEX,Rubber_Leather_Waste,0
MEX,Wood_percent,0
MEX,Garden_Green_Waste,0
MHL,Food_Organic_Waste,8
MHL,Glass_Waste,2
MHL,Metalic_Waste,6
MHL,Other_Waste,31
MHL,Paper_CardBoard_Waste,11
MHL,Plastic_Waste,13
MHL,Rubber_Leather_Waste,0
MHL,Wood_percent,0
MHL,Garden_Green_Waste,29
MKD,Food_Organic_Waste,29.3
MKD,Glass_Waste,4.1
MKD,Metalic_Waste,2.5
MKD,Other_Waste,19.8
MKD,Paper_CardBoard_Waste,12.8
MKD,Plastic_Waste,13.9
MKD,Rubber_Leather_Waste,0.9
MKD,Wood_percent,0.7
MKD,Garden_Green_Waste,16
MLI,Food_Organic_Waste,17.5
MLI,Glass_Waste,1
MLI,Metalic_Waste,3.5
MLI,Other_Waste,72.5
MLI,Paper_CardBoard_Waste,3.5
MLI,Plastic_Waste,2
MLI,Rubber_Leather_Waste,0
MLI,Wood_percent,0
MLI,Garden_Green_Waste,0
MLT,Food_Organic_Waste,52
MLT,Glass_Waste,6
MLT,Metalic_Waste,4
MLT,Other_Waste,9.5
MLT,Paper_CardBoard_Waste,18
MLT,Plastic_Waste,12
MLT,Rubber_Leather_Waste,0
MLT,Wood_percent,0
MLT,Garden_Green_Waste,0
MMR,Food_Organic_Waste,0
MMR,Glass_Waste,0
MMR,Metalic_Waste,0
MMR,Other_Waste,0
MMR,Paper_CardBoard_Waste,0
MMR,Plastic_Waste,0
MMR,Rubber_Leather_Waste,0
MMR,Wood_percent,0
MMR,Garden_Green_Waste,0
MNE,Food_Organic_Waste,33.82
MNE,Glass_Waste,8.97
MNE,Metalic_Waste,2.9
MNE,Other_Waste,19.46
MNE,Paper_CardBoard_Waste,13.72
MNE,Plastic_Waste,18.42
MNE,Rubber_Leather_Waste,0
MNE,Wood_percent,2.7
MNE,Garden_Green_Waste,0
MNG,Food_Organic_Waste,22.7
MNG,Glass_Waste,0
MNG,Metalic_Waste,0
MNG,Other_Waste,50.1
MNG,Paper_CardBoard_Waste,12.7
MNG,Plastic_Waste,14.5
MNG,Rubber_Leather_Waste,0
MNG,Wood_percent,0
MNG,Garden_Green_Waste,0
MNP,Food_Organic_Waste,43.6
MNP,Glass_Waste,5.5
MNP,Metalic_Waste,10
MNP,Other_Waste,9.3
MNP,Paper_CardBoard_Waste,10.9
MNP,Plastic_Waste,16.5
MNP,Rubber_Leather_Waste,4.2
MNP,Wood_percent,0
MNP,Garden_Green_Waste,0
MOZ,Food_Organic_Waste,60
MOZ,Glass_Waste,0
MOZ,Metalic_Waste,0
MOZ,Other_Waste,15
MOZ,Paper_CardBoard_Waste,25
MOZ,Plastic_Waste,0
MOZ,Rubber_Leather_Waste,0
MOZ,Wood_percent,0
MOZ,Garden_Green_Waste,0
MRT,Food_Organic_Waste,4.8
MRT,Glass_Waste,4
MRT,Metalic_Waste,4.2
MRT,Other_Waste,59.7
MRT,Paper_CardBoard_Waste,7.3
MRT,Plastic_Waste,20
MRT,Rubber_Leather_Waste,0
MRT,Wood_percent,0
MRT,Garden_Green_Waste,0
MUS,Food_Organic_Waste,64
MUS,Glass_Waste,2.8
MUS,Metalic_Waste,0
MUS,Other_Waste,8
MUS,Paper_CardBoard_Waste,13
MUS,Plastic_Waste,12.4
MUS,Rubber_Leather_Waste,0
MUS,Wood_percent,0
MUS,Garden_Green_Waste,0
MWI,Food_Organic_Waste,0
MWI,Glass_Waste,0
MWI,Metalic_Waste,0
MWI,Other_Waste,0
MWI,Paper_CardBoard_Waste,0
MWI,Plastic_Waste,0
MWI,Rubber_Leather_Waste,0
MWI,Wood_percent,0
MWI,Garden_Green_Waste,0
MYS,Food_Organic_Waste,46
MYS,Glass_Waste,3
MYS,Metalic_Waste,3
MYS,Other_Waste,9
MYS,Paper_CardBoard_Waste,14
MYS,Plastic_Waste,15
MYS,Rubber_Leather_Waste,3
MYS,Wood_percent,7
MYS,Garden_Green_Waste,0
0M,Food_Organic_Waste,0
0M,Glass_Waste,0
0M,Metalic_Waste,0
0M,Other_Waste,0
0M,Paper_CardBoard_Waste,0
0M,Plastic_Waste,0
0M,Rubber_Leather_Waste,0
0M,Wood_percent,0
0M,Garden_Green_Waste,0
NCL,Food_Organic_Waste,43.6
NCL,Glass_Waste,5.5
NCL,Metalic_Waste,10
NCL,Other_Waste,9.3
NCL,Paper_CardBoard_Waste,10.9
NCL,Plastic_Waste,16.5
NCL,Rubber_Leather_Waste,4.2
NCL,Wood_percent,0
NCL,Garden_Green_Waste,0
NER,Food_Organic_Waste,38
NER,Glass_Waste,0
NER,Metalic_Waste,1
NER,Other_Waste,57
NER,Paper_CardBoard_Waste,2
NER,Plastic_Waste,2
NER,Rubber_Leather_Waste,0
NER,Wood_percent,0
NER,Garden_Green_Waste,0
NGA,Food_Organic_Waste,0
NGA,Glass_Waste,3.1
NGA,Metalic_Waste,0
NGA,Other_Waste,11.3
NGA,Paper_CardBoard_Waste,8
NGA,Plastic_Waste,4.8
NGA,Rubber_Leather_Waste,0
NGA,Wood_percent,0
NGA,Garden_Green_Waste,0
NIC,Food_Organic_Waste,0
NIC,Glass_Waste,0
NIC,Metalic_Waste,0
NIC,Other_Waste,0
NIC,Paper_CardBoard_Waste,0
NIC,Plastic_Waste,0
NIC,Rubber_Leather_Waste,0
NIC,Wood_percent,0
NIC,Garden_Green_Waste,0
NLD,Food_Organic_Waste,35
NLD,Glass_Waste,5.4
NLD,Metalic_Waste,4.3
NLD,Other_Waste,20.24
NLD,Paper_CardBoard_Waste,21
NLD,Plastic_Waste,14
NLD,Rubber_Leather_Waste,0
NLD,Wood_percent,0
NLD,Garden_Green_Waste,0
NOR,Food_Organic_Waste,15.49
NOR,Glass_Waste,4.6
NOR,Metalic_Waste,6.12
NOR,Other_Waste,13.15
NOR,Paper_CardBoard_Waste,26.57
NOR,Plastic_Waste,2.25
NOR,Rubber_Leather_Waste,0
NOR,Wood_percent,17.21
NOR,Garden_Green_Waste,14.68
NPL,Food_Organic_Waste,52.39
NPL,Glass_Waste,4.36
NPL,Metalic_Waste,1.9
NPL,Other_Waste,7.12
NPL,Paper_CardBoard_Waste,18.21
NPL,Plastic_Waste,15.14
NPL,Rubber_Leather_Waste,0.9
NPL,Wood_percent,0
NPL,Garden_Green_Waste,0
NRU,Food_Organic_Waste,43.6
NRU,Glass_Waste,5.5
NRU,Metalic_Waste,10
NRU,Other_Waste,9.3
NRU,Paper_CardBoard_Waste,10.9
NRU,Plastic_Waste,16.5
NRU,Rubber_Leather_Waste,4.2
NRU,Wood_percent,0
NRU,Garden_Green_Waste,0
NZL,Food_Organic_Waste,28
NZL,Glass_Waste,4
NZL,Metalic_Waste,4.5
NZL,Other_Waste,37
NZL,Paper_CardBoard_Waste,7
NZL,Plastic_Waste,8
NZL,Rubber_Leather_Waste,1
NZL,Wood_percent,11
NZL,Garden_Green_Waste,0
OMN,Food_Organic_Waste,27
OMN,Glass_Waste,6
OMN,Metalic_Waste,0
OMN,Other_Waste,24
OMN,Paper_CardBoard_Waste,15
OMN,Plastic_Waste,21
OMN,Rubber_Leather_Waste,0
OMN,Wood_percent,2
OMN,Garden_Green_Waste,5
PAK,Food_Organic_Waste,30
PAK,Glass_Waste,6
PAK,Metalic_Waste,4
PAK,Other_Waste,20
PAK,Paper_CardBoard_Waste,13
PAK,Plastic_Waste,9
PAK,Rubber_Leather_Waste,2
PAK,Wood_percent,2
PAK,Garden_Green_Waste,14
PAN,Food_Organic_Waste,46.4
PAN,Glass_Waste,5.8
PAN,Metalic_Waste,3.8
PAN,Other_Waste,5.7
PAN,Paper_CardBoard_Waste,26.3
PAN,Plastic_Waste,12
PAN,Rubber_Leather_Waste,0
PAN,Wood_percent,0
PAN,Garden_Green_Waste,0
PER,Food_Organic_Waste,50.43
PER,Glass_Waste,3.05
PER,Metalic_Waste,2.64
PER,Other_Waste,21.7
PER,Paper_CardBoard_Waste,7.44
PER,Plastic_Waste,10.52
PER,Rubber_Leather_Waste,1.25
PER,Wood_percent,0
PER,Garden_Green_Waste,2.97
PHL,Food_Organic_Waste,52.31
PHL,Glass_Waste,2.34
PHL,Metalic_Waste,4.22
PHL,Other_Waste,21.52
PHL,Paper_CardBoard_Waste,8.7
PHL,Plastic_Waste,10.55
PHL,Rubber_Leather_Waste,0.37
PHL,Wood_percent,0
PHL,Garden_Green_Waste,0
PLW,Food_Organic_Waste,26
PLW,Glass_Waste,5
PLW,Metalic_Waste,10
PLW,Other_Waste,9
PLW,Paper_CardBoard_Waste,15
PLW,Plastic_Waste,32
PLW,Rubber_Leather_Waste,1
PLW,Wood_percent,0
PLW,Garden_Green_Waste,2
PNG,Food_Organic_Waste,31
PNG,Glass_Waste,0
PNG,Metalic_Waste,0
PNG,Other_Waste,42
PNG,Paper_CardBoard_Waste,16.6
PNG,Plastic_Waste,10
PNG,Rubber_Leather_Waste,0
PNG,Wood_percent,0
PNG,Garden_Green_Waste,0
POL,Food_Organic_Waste,37.27
POL,Glass_Waste,10.07
POL,Metalic_Waste,2.17
POL,Other_Waste,26.69
POL,Paper_CardBoard_Waste,11.27
POL,Plastic_Waste,12.13
POL,Rubber_Leather_Waste,0
POL,Wood_percent,0.4
POL,Garden_Green_Waste,0
PRI,Food_Organic_Waste,13.1
PRI,Glass_Waste,2.4
PRI,Metalic_Waste,10.4
PRI,Other_Waste,23.8
PRI,Paper_CardBoard_Waste,19.4
PRI,Plastic_Waste,10.4
PRI,Rubber_Leather_Waste,0
PRI,Wood_percent,0
PRI,Garden_Green_Waste,20.5
PRT,Food_Organic_Waste,36.49
PRT,Glass_Waste,6.73
PRT,Metalic_Waste,1.85
PRT,Other_Waste,27.68
PRT,Paper_CardBoard_Waste,13.64
PRT,Plastic_Waste,10.72
PRT,Rubber_Leather_Waste,0
PRT,Wood_percent,0.93
PRT,Garden_Green_Waste,1.94
PRY,Food_Organic_Waste,0
PRY,Glass_Waste,0
PRY,Metalic_Waste,0
PRY,Other_Waste,0
PRY,Paper_CardBoard_Waste,0
PRY,Plastic_Waste,0
PRY,Rubber_Leather_Waste,0
PRY,Wood_percent,0
PRY,Garden_Green_Waste,0
PSE,Food_Organic_Waste,59.1
PSE,Glass_Waste,2.4
PSE,Metalic_Waste,2.7
PSE,Other_Waste,11.5
PSE,Paper_CardBoard_Waste,10.1
PSE,Plastic_Waste,14.2
PSE,Rubber_Leather_Waste,0
PSE,Wood_percent,0
PSE,Garden_Green_Waste,0
PYF,Food_Organic_Waste,47
PYF,Glass_Waste,3
PYF,Metalic_Waste,3
PYF,Other_Waste,29
PYF,Paper_CardBoard_Waste,16
PYF,Plastic_Waste,2
PYF,Rubber_Leather_Waste,0
PYF,Wood_percent,0
PYF,Garden_Green_Waste,0
QAT,Food_Organic_Waste,57
QAT,Glass_Waste,4
QAT,Metalic_Waste,9
QAT,Other_Waste,5
QAT,Paper_CardBoard_Waste,11
QAT,Plastic_Waste,14
QAT,Rubber_Leather_Waste,0
QAT,Wood_percent,0
QAT,Garden_Green_Waste,0
ROU,Food_Organic_Waste,56.26
ROU,Glass_Waste,4.89
ROU,Metalic_Waste,2.5
ROU,Other_Waste,10.68
ROU,Paper_CardBoard_Waste,11.34
ROU,Plastic_Waste,12.33
ROU,Rubber_Leather_Waste,0
ROU,Wood_percent,2
ROU,Garden_Green_Waste,0
RUS,Food_Organic_Waste,28.41
RUS,Glass_Waste,16.82
RUS,Metalic_Waste,1.83
RUS,Other_Waste,19.03
RUS,Paper_CardBoard_Waste,19.7
RUS,Plastic_Waste,14.21
RUS,Rubber_Leather_Waste,0
RUS,Wood_percent,0
RUS,Garden_Green_Waste,0
RWA,Food_Organic_Waste,0
RWA,Glass_Waste,0
RWA,Metalic_Waste,0
RWA,Other_Waste,0
RWA,Paper_CardBoard_Waste,0
RWA,Plastic_Waste,0
RWA,Rubber_Leather_Waste,0
RWA,Wood_percent,0
RWA,Garden_Green_Waste,0
SAU,Food_Organic_Waste,45.5
SAU,Glass_Waste,4
SAU,Metalic_Waste,5
SAU,Other_Waste,2.5
SAU,Paper_CardBoard_Waste,27
SAU,Plastic_Waste,11
SAU,Rubber_Leather_Waste,0
SAU,Wood_percent,5
SAU,Garden_Green_Waste,0
SDN,Food_Organic_Waste,51.4
SDN,Glass_Waste,3.5
SDN,Metalic_Waste,1.7
SDN,Other_Waste,18.9
SDN,Paper_CardBoard_Waste,11.8
SDN,Plastic_Waste,12.7
SDN,Rubber_Leather_Waste,0
SDN,Wood_percent,0
SDN,Garden_Green_Waste,0
SEN,Food_Organic_Waste,12
SEN,Glass_Waste,2
SEN,Metalic_Waste,2
SEN,Other_Waste,68
SEN,Paper_CardBoard_Waste,5
SEN,Plastic_Waste,9
SEN,Rubber_Leather_Waste,0
SEN,Wood_percent,2
SEN,Garden_Green_Waste,0
SGP,Food_Organic_Waste,10.51
SGP,Glass_Waste,0.93
SGP,Metalic_Waste,19.12
SGP,Other_Waste,32.3
SGP,Paper_CardBoard_Waste,14.86
SGP,Plastic_Waste,10.58
SGP,Rubber_Leather_Waste,1.96
SGP,Wood_percent,5.5
SGP,Garden_Green_Waste,4.26
SLB,Food_Organic_Waste,42.8
SLB,Glass_Waste,6.65
SLB,Metalic_Waste,13.15
SLB,Other_Waste,3.7
SLB,Paper_CardBoard_Waste,6.45
SLB,Plastic_Waste,22.35
SLB,Rubber_Leather_Waste,4.9
SLB,Wood_percent,0
SLB,Garden_Green_Waste,0
SLE,Food_Organic_Waste,0
SLE,Glass_Waste,0
SLE,Metalic_Waste,0
SLE,Other_Waste,0
SLE,Paper_CardBoard_Waste,0
SLE,Plastic_Waste,0
SLE,Rubber_Leather_Waste,0
SLE,Wood_percent,0
SLE,Garden_Green_Waste,0
SLV,Food_Organic_Waste,65
SLV,Glass_Waste,4
SLV,Metalic_Waste,2
SLV,Other_Waste,7
SLV,Paper_CardBoard_Waste,12
SLV,Plastic_Waste,10
SLV,Rubber_Leather_Waste,0
SLV,Wood_percent,0
SLV,Garden_Green_Waste,0
SMR,Food_Organic_Waste,5.35
SMR,Glass_Waste,5.61
SMR,Metalic_Waste,0.9
SMR,Other_Waste,65.56
SMR,Paper_CardBoard_Waste,13.21
SMR,Plastic_Waste,5.6
SMR,Rubber_Leather_Waste,0
SMR,Wood_percent,1.28
SMR,Garden_Green_Waste,2.49
SOM,Food_Organic_Waste,0
SOM,Glass_Waste,0
SOM,Metalic_Waste,0
SOM,Other_Waste,0
SOM,Paper_CardBoard_Waste,0
SOM,Plastic_Waste,0
SOM,Rubber_Leather_Waste,0
SOM,Wood_percent,0
SOM,Garden_Green_Waste,0
SRB,Food_Organic_Waste,37.62
SRB,Glass_Waste,5.44
SRB,Metalic_Waste,1.38
SRB,Other_Waste,16.72
SRB,Paper_CardBoard_Waste,13.57
SRB,Plastic_Waste,12.73
SRB,Rubber_Leather_Waste,0.4
SRB,Wood_percent,0
SRB,Garden_Green_Waste,12.14
SSD,Food_Organic_Waste,0
SSD,Glass_Waste,0
SSD,Metalic_Waste,0
SSD,Other_Waste,0
SSD,Paper_CardBoard_Waste,0
SSD,Plastic_Waste,0
SSD,Rubber_Leather_Waste,0
SSD,Wood_percent,0
SSD,Garden_Green_Waste,0
STP,Food_Organic_Waste,0
STP,Glass_Waste,0
STP,Metalic_Waste,0
STP,Other_Waste,0
STP,Paper_CardBoard_Waste,0
STP,Plastic_Waste,0
STP,Rubber_Leather_Waste,0
STP,Wood_percent,0
STP,Garden_Green_Waste,0
SUR,Food_Organic_Waste,57
SUR,Glass_Waste,3
SUR,Metalic_Waste,3
SUR,Other_Waste,24
SUR,Paper_CardBoard_Waste,0
SUR,Plastic_Waste,11
SUR,Rubber_Leather_Waste,0
SUR,Wood_percent,0
SUR,Garden_Green_Waste,0
SVK,Food_Organic_Waste,42
SVK,Glass_Waste,19
SVK,Metalic_Waste,2
SVK,Other_Waste,1
SVK,Paper_CardBoard_Waste,25
SVK,Plastic_Waste,11
SVK,Rubber_Leather_Waste,0
SVK,Wood_percent,0
SVK,Garden_Green_Waste,0
SVN,Food_Organic_Waste,0
SVN,Glass_Waste,0
SVN,Metalic_Waste,0
SVN,Other_Waste,0
SVN,Paper_CardBoard_Waste,0
SVN,Plastic_Waste,0
SVN,Rubber_Leather_Waste,0
SVN,Wood_percent,0
SVN,Garden_Green_Waste,0
SWE,Food_Organic_Waste,23.34
SWE,Glass_Waste,9.15
SWE,Metalic_Waste,9.2
SWE,Other_Waste,0
SWE,Paper_CardBoard_Waste,36.4
SWE,Plastic_Waste,6.58
SWE,Rubber_Leather_Waste,0
SWE,Wood_percent,0
SWE,Garden_Green_Waste,15.33
SWZ,Food_Organic_Waste,0
SWZ,Glass_Waste,0
SWZ,Metalic_Waste,0
SWZ,Other_Waste,0
SWZ,Paper_CardBoard_Waste,0
SWZ,Plastic_Waste,0
SWZ,Rubber_Leather_Waste,0
SWZ,Wood_percent,0
SWZ,Garden_Green_Waste,0
SXM,Food_Organic_Waste,46
SXM,Glass_Waste,7
SXM,Metalic_Waste,7
SXM,Other_Waste,12
SXM,Paper_CardBoard_Waste,15
SXM,Plastic_Waste,13
SXM,Rubber_Leather_Waste,0
SXM,Wood_percent,0
SXM,Garden_Green_Waste,0
SYC,Food_Organic_Waste,48.5
SYC,Glass_Waste,5.2
SYC,Metalic_Waste,4.6
SYC,Other_Waste,25.8
SYC,Paper_CardBoard_Waste,5.9
SYC,Plastic_Waste,9.9
SYC,Rubber_Leather_Waste,0.2
SYC,Wood_percent,0.5
SYC,Garden_Green_Waste,0
SYR,Food_Organic_Waste,57
SYR,Glass_Waste,3
SYR,Metalic_Waste,4
SYR,Other_Waste,22
SYR,Paper_CardBoard_Waste,7
SYR,Plastic_Waste,7
SYR,Rubber_Leather_Waste,0
SYR,Wood_percent,0
SYR,Garden_Green_Waste,0
TCA,Food_Organic_Waste,21.8
TCA,Glass_Waste,20.5
TCA,Metalic_Waste,7.6
TCA,Other_Waste,2.4
TCA,Paper_CardBoard_Waste,31.5
TCA,Plastic_Waste,16.3
TCA,Rubber_Leather_Waste,0
TCA,Wood_percent,0
TCA,Garden_Green_Waste,0
TCD,Food_Organic_Waste,70
TCD,Glass_Waste,1
TCD,Metalic_Waste,2
TCD,Other_Waste,18
TCD,Paper_CardBoard_Waste,3
TCD,Plastic_Waste,6
TCD,Rubber_Leather_Waste,0
TCD,Wood_percent,0
TCD,Garden_Green_Waste,0
TGO,Food_Organic_Waste,38
TGO,Glass_Waste,2
TGO,Metalic_Waste,4
TGO,Other_Waste,42
TGO,Paper_CardBoard_Waste,4
TGO,Plastic_Waste,10
TGO,Rubber_Leather_Waste,0
TGO,Wood_percent,0
TGO,Garden_Green_Waste,0
THA,Food_Organic_Waste,65.52
THA,Glass_Waste,3.04
THA,Metalic_Waste,1.85
THA,Other_Waste,4.74
THA,Paper_CardBoard_Waste,7.6
THA,Plastic_Waste,17.59
THA,Rubber_Leather_Waste,0.46
THA,Wood_percent,0.8
THA,Garden_Green_Waste,0
TJK,Food_Organic_Waste,0
TJK,Glass_Waste,0
TJK,Metalic_Waste,0
TJK,Other_Waste,0
TJK,Paper_CardBoard_Waste,0
TJK,Plastic_Waste,0
TJK,Rubber_Leather_Waste,0
TJK,Wood_percent,0
TJK,Garden_Green_Waste,0
TKM,Food_Organic_Waste,16.18
TKM,Glass_Waste,4.64
TKM,Metalic_Waste,11.44
TKM,Other_Waste,62.54
TKM,Paper_CardBoard_Waste,0
TKM,Plastic_Waste,2.19
TKM,Rubber_Leather_Waste,0
TKM,Wood_percent,3.01
TKM,Garden_Green_Waste,0
TLS,Food_Organic_Waste,43.6
TLS,Glass_Waste,5.5
TLS,Metalic_Waste,10
TLS,Other_Waste,9.3
TLS,Paper_CardBoard_Waste,10.9
TLS,Plastic_Waste,16.5
TLS,Rubber_Leather_Waste,4.2
TLS,Wood_percent,0
TLS,Garden_Green_Waste,0
TON,Food_Organic_Waste,51.3
TON,Glass_Waste,5.9
TON,Metalic_Waste,9
TON,Other_Waste,8.9
TON,Paper_CardBoard_Waste,7.4
TON,Plastic_Waste,13.4
TON,Rubber_Leather_Waste,4.1
TON,Wood_percent,0
TON,Garden_Green_Waste,0
TTO,Food_Organic_Waste,27.15
TTO,Glass_Waste,10.15
TTO,Metalic_Waste,3.74
TTO,Other_Waste,17.19
TTO,Paper_CardBoard_Waste,22.6
TTO,Plastic_Waste,19.17
TTO,Rubber_Leather_Waste,0
TTO,Wood_percent,0
TTO,Garden_Green_Waste,0
TUN,Food_Organic_Waste,68
TUN,Glass_Waste,2
TUN,Metalic_Waste,4
TUN,Other_Waste,5
TUN,Paper_CardBoard_Waste,10
TUN,Plastic_Waste,11
TUN,Rubber_Leather_Waste,0
TUN,Wood_percent,0
TUN,Garden_Green_Waste,0
TUR,Food_Organic_Waste,64
TUR,Glass_Waste,2
TUR,Metalic_Waste,1
TUR,Other_Waste,24
TUR,Paper_CardBoard_Waste,6
TUR,Plastic_Waste,3
TUR,Rubber_Leather_Waste,0
TUR,Wood_percent,0
TUR,Garden_Green_Waste,0
TUV,Food_Organic_Waste,43.6
TUV,Glass_Waste,5.5
TUV,Metalic_Waste,10
TUV,Other_Waste,9.3
TUV,Paper_CardBoard_Waste,10.9
TUV,Plastic_Waste,16.5
TUV,Rubber_Leather_Waste,4.2
TUV,Wood_percent,0
TUV,Garden_Green_Waste,0
TWN,Food_Organic_Waste,23.34
TWN,Glass_Waste,4.11
TWN,Metalic_Waste,3.07
TWN,Other_Waste,14.11
TWN,Paper_CardBoard_Waste,30.01
TWN,Plastic_Waste,20.23
TWN,Rubber_Leather_Waste,0.6
TWN,Wood_percent,0
TWN,Garden_Green_Waste,4.43
TZA,Food_Organic_Waste,0
TZA,Glass_Waste,0
TZA,Metalic_Waste,0
TZA,Other_Waste,0
TZA,Paper_CardBoard_Waste,0
TZA,Plastic_Waste,0
TZA,Rubber_Leather_Waste,0
TZA,Wood_percent,0
TZA,Garden_Green_Waste,0
UGA,Food_Organic_Waste,74.5
UGA,Glass_Waste,0.8
UGA,Metalic_Waste,0.6
UGA,Other_Waste,10.6
UGA,Paper_CardBoard_Waste,6
UGA,Plastic_Waste,7.6
UGA,Rubber_Leather_Waste,0
UGA,Wood_percent,0
UGA,Garden_Green_Waste,0
UKR,Food_Organic_Waste,37
UKR,Glass_Waste,5
UKR,Metalic_Waste,4
UKR,Other_Waste,22
UKR,Paper_CardBoard_Waste,25
UKR,Plastic_Waste,7
UKR,Rubber_Leather_Waste,0
UKR,Wood_percent,0
UKR,Garden_Green_Waste,0
URY,Food_Organic_Waste,53.5
URY,Glass_Waste,3
URY,Metalic_Waste,5
URY,Other_Waste,7.5
URY,Paper_CardBoard_Waste,20
URY,Plastic_Waste,11
URY,Rubber_Leather_Waste,0
URY,Wood_percent,0
URY,Garden_Green_Waste,0
USA,Food_Organic_Waste,14.9
USA,Glass_Waste,4.4
USA,Metalic_Waste,9
USA,Other_Waste,3.2
USA,Paper_CardBoard_Waste,26.6
USA,Plastic_Waste,12.9
USA,Rubber_Leather_Waste,9.5
USA,Wood_percent,6.2
USA,Garden_Green_Waste,13.3
UZB,Food_Organic_Waste,40
UZB,Glass_Waste,3
UZB,Metalic_Waste,2
UZB,Other_Waste,17.5
UZB,Paper_CardBoard_Waste,17.5
UZB,Plastic_Waste,2.5
UZB,Rubber_Leather_Waste,1.5
UZB,Wood_percent,4
UZB,Garden_Green_Waste,0
VCT,Food_Organic_Waste,49.6
VCT,Glass_Waste,5.6
VCT,Metalic_Waste,3.8
VCT,Other_Waste,10.5
VCT,Paper_CardBoard_Waste,22.1
VCT,Plastic_Waste,8.4
VCT,Rubber_Leather_Waste,0
VCT,Wood_percent,0
VCT,Garden_Green_Waste,0
VEN,Food_Organic_Waste,0
VEN,Glass_Waste,0
VEN,Metalic_Waste,0
VEN,Other_Waste,0
VEN,Paper_CardBoard_Waste,0
VEN,Plastic_Waste,0
VEN,Rubber_Leather_Waste,0
VEN,Wood_percent,0
VEN,Garden_Green_Waste,0
VGB,Food_Organic_Waste,6.5
VGB,Glass_Waste,18.1
VGB,Metalic_Waste,8.6
VGB,Other_Waste,4.8
VGB,Paper_CardBoard_Waste,33.5
VGB,Plastic_Waste,6.3
VGB,Rubber_Leather_Waste,0
VGB,Wood_percent,22.2
VGB,Garden_Green_Waste,0
VIR,Food_Organic_Waste,46
VIR,Glass_Waste,7
VIR,Metalic_Waste,7
VIR,Other_Waste,12
VIR,Paper_CardBoard_Waste,15
VIR,Plastic_Waste,13
VIR,Rubber_Leather_Waste,0
VIR,Wood_percent,0
VIR,Garden_Green_Waste,0
VNM,Food_Organic_Waste,61.9
VNM,Glass_Waste,2.18
VNM,Metalic_Waste,0.58
VNM,Other_Waste,15.18
VNM,Paper_CardBoard_Waste,5.2
VNM,Plastic_Waste,12.15
VNM,Rubber_Leather_Waste,0.6
VNM,Wood_percent,3.74
VNM,Garden_Green_Waste,0
VUT,Food_Organic_Waste,73.4
VUT,Glass_Waste,5.4
VUT,Metalic_Waste,3.8
VUT,Other_Waste,5.7
VUT,Paper_CardBoard_Waste,4.05
VUT,Plastic_Waste,6.45
VUT,Rubber_Leather_Waste,1.2
VUT,Wood_percent,0
VUT,Garden_Green_Waste,0
WSM,Food_Organic_Waste,42.6
WSM,Glass_Waste,2.2
WSM,Metalic_Waste,8.8
WSM,Other_Waste,19.4
WSM,Paper_CardBoard_Waste,7.2
WSM,Plastic_Waste,13
WSM,Rubber_Leather_Waste,6.8
WSM,Wood_percent,0
WSM,Garden_Green_Waste,0
XKX,Food_Organic_Waste,42
XKX,Glass_Waste,6
XKX,Metalic_Waste,6
XKX,Other_Waste,20
XKX,Paper_CardBoard_Waste,8
XKX,Plastic_Waste,11
XKX,Rubber_Leather_Waste,0
XKX,Wood_percent,7
XKX,Garden_Green_Waste,0
YEM,Food_Organic_Waste,65
YEM,Glass_Waste,1
YEM,Metalic_Waste,6
YEM,Other_Waste,6
YEM,Paper_CardBoard_Waste,7
YEM,Plastic_Waste,10
YEM,Rubber_Leather_Waste,1
YEM,Wood_percent,3
YEM,Garden_Green_Waste,1
ZAF,Food_Organic_Waste,16.38165463
ZAF,Glass_Waste,5.20021637
ZAF,Metalic_Waste,16.9104609
ZAF,Other_Waste,45.02064557
ZAF,Paper_CardBoard_Waste,9.396918238
ZAF,Plastic_Waste,7.090104302
ZAF,Rubber_Leather_Waste,0
ZAF,Wood_percent,0
ZAF,Garden_Green_Waste,0
ZMB,Food_Organic_Waste,0
ZMB,Glass_Waste,0
ZMB,Metalic_Waste,0
ZMB,Other_Waste,0
ZMB,Paper_CardBoard_Waste,0
ZMB,Plastic_Waste,0
ZMB,Rubber_Leather_Waste,0
ZMB,Wood_percent,0
ZMB,Garden_Green_Waste,0
ZWE,Food_Organic_Waste,36
ZWE,Glass_Waste,5
ZWE,Metalic_Waste,6
ZWE,Other_Waste,3
ZWE,Paper_CardBoard_Waste,27
ZWE,Plastic_Waste,23
ZWE,Rubber_Leather_Waste,0
ZWE,Wood_percent,0
ZWE,Garden_Green_Waste,0
